n_casos,metrica,valor,umbral,cumple,direccion,IoU_media,baseline_PAR_media,wilcoxon_stat
40,PAR (media),0.26662626534899025,0.5,False,>=,0.1375624123513448,0.056235667666255075,792.0
40,Pointing game (tasa),0.725,0.7,True,>=,0.1375624123513448,0.056235667666255075,792.0
40,Dice (media),0.23907136715391228,0.3,False,>=,0.1375624123513448,0.056235667666255075,792.0
40,p-valor (Wilcoxon),1.3487806427292526e-09,0.05,True,<,0.1375624123513448,0.056235667666255075,792.0
